Endpoint,Metric,Time_Point,SEER_Internal,Hospital_External,Drop,N_Events_External
OS,AUC,1-year,0.8096947309729579,0.6182051282051282,0.19148960276782967,13
OS,AUC,3-year,0.7630573248407642,0.6322751322751322,0.13078219256563195,27
OS,AUC,5-year,0.7737190315315315,0.6512987012987013,0.12242033023283028,35
OS,C-index,Overall,0.728672015719666,0.6264895487399883,0.1021824669796777,46
CSS,AUC,1-year,0.8413450688332205,,,1
CSS,AUC,3-year,0.7689603049421662,0.558252427184466,0.21070787775770017,4
CSS,AUC,5-year,0.7810652449324325,0.6342592592592592,0.14680598567317327,9
CSS,C-index,Overall,0.7469327754848194,0.6353383458646616,0.11159442962015775,14
