Endpoint,Metric,Time_Point,Time_Months,Value,N_Events
OS,AUC,1-year,12.0,0.8096947309729579,34
OS,AUC,3-year,36.0,0.7630573248407642,75
OS,AUC,5-year,60.0,0.7737190315315315,111
OS,C-index,Overall,,0.728672015719666,202
CSS,AUC,1-year,12.0,0.8413450688332205,21
CSS,AUC,3-year,36.0,0.7689603049421662,48
CSS,AUC,5-year,60.0,0.7810652449324325,74
CSS,C-index,Overall,,0.7469327754848194,129
